Entrada,Salida
Can you create a blue alert in tailwind css that says "Esto es una alerta",<div class="p-4 mb-4 text-sm text-blue-800 rounded-lg bg-blue-50 dark:bg-gray-800 dark:text-blue-400" role="alert"> Esto es una alerta </div>
Can you create a red alert on tailwind css with the text : This is an alert,<div class="p-4 mb-4 text-sm text-red-800 rounded-lg bg-red-50 dark:bg-gray-800 dark:text-red-400" role="alert"> This is an alert </div>
show an alert in tailwind css saying Im an alert, <div class="p-4 text-sm text-gray-800 rounded-lg bg-gray-50 dark:bg-gray-800 dark:text-gray-300" role="alert"> Im an alert </div>
create an alert with a blue border tailwind css, <div class="flex items-center p-4 mb-4 text-sm text-blue-800 border border-blue-300 rounded-lg bg-blue-50 dark:bg-gray-800 dark:text-blue-400 dark:border-blue-800" role="alert">  Alert  </div>
how to do an alert with red border and yellow text with background gray in tailwind css that says 'Hello!', <div class="flex items-center p-4 mb-4 text-sm text-blue-800 border border-blue-300 rounded-lg bg-blue-50 dark:bg-gray-800 dark:text-yellow-300 dark:border-red-300" role="alert">  Hello!  </div>
create a button with white text blue background rounded a bit with no border in tailwind css,<button type="button" class="text-white bg-blue-700  focus:ring-4 focus:ring-blue-300 font-medium rounded-lg text-sm px-5 py-2.5 me-2 mb-2 dark:bg-blue-600 focus:outline-none dark:focus:ring-blue-800">Default</button>
create a purple button with purple border , <button type="button" class="text-purple-700 border border-purple-700  focus:ring-4 focus:outline-none focus:ring-purple-300 font-medium rounded-lg text-sm px-5 py-2.5 text-center me-2 mb-2 dark:border-purple-400 dark:text-purple-400 dark:focus:ring-purple-900">Purple</button>
create a green button that says "Green" with green border that turns background green and text white when you hover it, <button type="button" class="text-green-700 hover:text-white border border-green-700 hover:bg-green-800 focus:ring-4 focus:outline-none focus:ring-green-300 font-medium rounded-lg text-sm px-5 py-2.5 text-center me-2 mb-2 dark:border-green-500 dark:text-green-500 dark:hover:text-white dark:hover:bg-green-600 dark:focus:ring-green-800">Green</button>
make a small button in tailwind, <button type="button" class="px-3 py-2 text-xs font-medium text-center text-white bg-blue-700 rounded-lg hover:bg-blue-800 focus:ring-4 focus:outline-none focus:ring-blue-300 dark:bg-blue-600 dark:hover:bg-blue-700 dark:focus:ring-blue-800">Extra small</button>
make a button in tailwind css with value Texto,<button type="button" class="px-5 py-3 text-base font-medium text-center text-white bg-blue-700 rounded-lg hover:bg-blue-800 focus:ring-4 focus:outline-none focus:ring-blue-300 dark:bg-blue-600 dark:hover:bg-blue-700 dark:focus:ring-blue-800">Texto</button>
make a blue button in tailwind css with 3.5 pixels height and 6 pixels width with white text, <button type="button" class="px-6 py-3.5 text-base font-medium text-white bg-blue-700 focus:ring-4 focus:outline-none focus:ring-blue-300 rounded-lg text-center dark:bg-blue-600 dark:focus:ring-blue-800">Extra large</button>
make a button in tailwind css with 3 pixels tall and 5 pixels large,<button type="button" class="px-5 py-3 text-base font-medium text-center text-white bg-blue-700 rounded-lg hover:bg-blue-800 focus:ring-4 focus:outline-none focus:ring-blue-300 dark:bg-blue-600 dark:hover:bg-blue-700 dark:focus:ring-blue-800">Large</button>
make a disabled button, <button type="button" class="text-white bg-blue-400 dark:bg-blue-500 cursor-not-allowed font-medium rounded-lg text-sm px-5 py-2.5 text-center" disabled>Disabled button</button>
tailwind make a facebook sign in button, <button type="button" class="text-white bg-[#3b5998] hover:bg-[#3b5998]/90 focus:ring-4 focus:outline-none focus:ring-[#3b5998]/50 font-medium rounded-lg text-sm px-5 py-2.5 text-center inline-flex items-center dark:focus:ring-[#3b5998]/55 me-2 mb-2"> <svg class="w-4 h-4 me-2" aria-hidden="true" xmlns="http://www.w3.org/2000/svg" fill="currentColor" viewBox="0 0 8 19"> <path fill-rule="evenodd" d="M6.135 3H8V0H6.135a4.147 4.147 0 0 0-4.142 4.142V6H0v3h2v9.938h3V9h2.021l.592-3H5V3.591A.6.6 0 0 1 5.592 3h.543Z" clip-rule="evenodd"/> </svg> Sign in with Facebook </button>
create a button to sign in with Facebook in tailwind, <button type="button" class="text-white bg-[#3b5998] hover:bg-[#3b5998]/90 focus:ring-4 focus:outline-none focus:ring-[#3b5998]/50 font-medium rounded-lg text-sm px-5 py-2.5 text-center inline-flex items-center dark:focus:ring-[#3b5998]/55 me-2 mb-2"> <svg class="w-4 h-4 me-2" aria-hidden="true" xmlns="http://www.w3.org/2000/svg" fill="currentColor" viewBox="0 0 8 19"> <path fill-rule="evenodd" d="M6.135 3H8V0H6.135a4.147 4.147 0 0 0-4.142 4.142V6H0v3h2v9.938h3V9h2.021l.592-3H5V3.591A.6.6 0 0 1 5.592 3h.543Z" clip-rule="evenodd"/> </svg> Sign in with Facebook </button>
tailwind make a Twitter sign in button, <button type="button" class="text-white bg-[#1da1f2] hover:bg-[#1da1f2]/90 focus:ring-4 focus:outline-none focus:ring-[#1da1f2]/50 font-medium rounded-lg text-sm px-5 py-2.5 text-center inline-flex items-center dark:focus:ring-[#1da1f2]/55 me-2 mb-2"> <svg class="w-4 h-4 me-2" aria-hidden="true" xmlns="http://www.w3.org/2000/svg" fill="currentColor" viewBox="0 0 20 17"> <path fill-rule="evenodd" d="M20 1.892a8.178 8.178 0 0 1-2.355.635 4.074 4.074 0 0 0 1.8-2.235 8.344 8.344 0 0 1-2.605.98A4.13 4.13 0 0 0 13.85 0a4.068 4.068 0 0 0-4.1 4.038 4 4 0 0 0 .105.919A11.705 11.705 0 0 1 1.4.734a4.006 4.006 0 0 0 1.268 5.392 4.165 4.165 0 0 1-1.859-.5v.05A4.057 4.057 0 0 0 4.1 9.635a4.19 4.19 0 0 1-1.856.07 4.108 4.108 0 0 0 3.831 2.807A8.36 8.36 0 0 1 0 14.184 11.732 11.732 0 0 0 6.291 16 11.502 11.502 0 0 0 17.964 4.5c0-.177 0-.35-.012-.523A8.143 8.143 0 0 0 20 1.892Z" clip-rule="evenodd"/> </svg> Sign in with Twitter </button>
tailwind create a button to sign in with twitter, <button type="button" class="text-white bg-[#1da1f2] hover:bg-[#1da1f2]/90 focus:ring-4 focus:outline-none focus:ring-[#1da1f2]/50 font-medium rounded-lg text-sm px-5 py-2.5 text-center inline-flex items-center dark:focus:ring-[#1da1f2]/55 me-2 mb-2"> <svg class="w-4 h-4 me-2" aria-hidden="true" xmlns="http://www.w3.org/2000/svg" fill="currentColor" viewBox="0 0 20 17"> <path fill-rule="evenodd" d="M20 1.892a8.178 8.178 0 0 1-2.355.635 4.074 4.074 0 0 0 1.8-2.235 8.344 8.344 0 0 1-2.605.98A4.13 4.13 0 0 0 13.85 0a4.068 4.068 0 0 0-4.1 4.038 4 4 0 0 0 .105.919A11.705 11.705 0 0 1 1.4.734a4.006 4.006 0 0 0 1.268 5.392 4.165 4.165 0 0 1-1.859-.5v.05A4.057 4.057 0 0 0 4.1 9.635a4.19 4.19 0 0 1-1.856.07 4.108 4.108 0 0 0 3.831 2.807A8.36 8.36 0 0 1 0 14.184 11.732 11.732 0 0 0 6.291 16 11.502 11.502 0 0 0 17.964 4.5c0-.177 0-.35-.012-.523A8.143 8.143 0 0 0 20 1.892Z" clip-rule="evenodd"/> </svg> Sign in with Twitter </button>
tailwind css make a google sign in button, <button type="button" class="text-white bg-[#4285F4] hover:bg-[#4285F4]/90 focus:ring-4 focus:outline-none focus:ring-[#4285F4]/50 font-medium rounded-lg text-sm px-5 py-2.5 text-center inline-flex items-center dark:focus:ring-[#4285F4]/55 me-2 mb-2"> <svg class="w-4 h-4 me-2" aria-hidden="true" xmlns="http://www.w3.org/2000/svg" fill="currentColor" viewBox="0 0 18 19"> <path fill-rule="evenodd" d="M8.842 18.083a8.8 8.8 0 0 1-8.65-8.948 8.841 8.841 0 0 1 8.8-8.652h.153a8.464 8.464 0 0 1 5.7 2.257l-2.193 2.038A5.27 5.27 0 0 0 9.09 3.4a5.882 5.882 0 0 0-.2 11.76h.124a5.091 5.091 0 0 0 5.248-4.057L14.3 11H9V8h8.34c.066.543.095 1.09.088 1.636-.086 5.053-3.463 8.449-8.4 8.449l-.186-.002Z" clip-rule="evenodd"/> </svg> Sign in with Google </button>
create a button to sign in with Google in tailwind, <button type="button" class="text-white bg-[#4285F4] hover:bg-[#4285F4]/90 focus:ring-4 focus:outline-none focus:ring-[#4285F4]/50 font-medium rounded-lg text-sm px-5 py-2.5 text-center inline-flex items-center dark:focus:ring-[#4285F4]/55 me-2 mb-2"> <svg class="w-4 h-4 me-2" aria-hidden="true" xmlns="http://www.w3.org/2000/svg" fill="currentColor" viewBox="0 0 18 19"> <path fill-rule="evenodd" d="M8.842 18.083a8.8 8.8 0 0 1-8.65-8.948 8.841 8.841 0 0 1 8.8-8.652h.153a8.464 8.464 0 0 1 5.7 2.257l-2.193 2.038A5.27 5.27 0 0 0 9.09 3.4a5.882 5.882 0 0 0-.2 11.76h.124a5.091 5.091 0 0 0 5.248-4.057L14.3 11H9V8h8.34c.066.543.095 1.09.088 1.636-.086 5.053-3.463 8.449-8.4 8.449l-.186-.002Z" clip-rule="evenodd"/> </svg> Sign in with Google </button>
can you make a basic dropdown button that says "Lista" and has a list with 4 elements: "Dashboard" "Settings" "Earnings" "Sign out" in tailwind, <button id="dropdownDefaultButton" data-dropdown-toggle="dropdown" class="text-white bg-blue-700 hover:bg-blue-800 focus:ring-4 focus:outline-none focus:ring-blue-300 font-medium rounded-lg text-sm px-5 py-2.5 text-center inline-flex items-center dark:bg-blue-600 dark:hover:bg-blue-700 dark:focus:ring-blue-800" type="button"> Lista <svg class="w-2.5 h-2.5 ms-3" aria-hidden="true" xmlns="http://www.w3.org/2000/svg" fill="none" viewBox="0 0 10 6"> <path stroke="currentColor" stroke-linecap="round" stroke-linejoin="round" stroke-width="2" d="m1 1 4 4 4-4"/> </svg> </button> <!-- Dropdown menu --> <div id="dropdown" class="z-10 hidden bg-white divide-y divide-gray-100 rounded-lg shadow w-44 dark:bg-gray-700"> <ul class="py-2 text-sm text-gray-700 dark:text-gray-200" aria-labelledby="dropdownDefaultButton"> <li> <a href="#" class="block px-4 py-2 hover:bg-gray-100 dark:hover:bg-gray-600 dark:hover:text-white">Dashboard</a> </li> <li> <a href="#" class="block px-4 py-2 hover:bg-gray-100 dark:hover:bg-gray-600 dark:hover:text-white">Settings</a> </li> <li> <a href="#" class="block px-4 py-2 hover:bg-gray-100 dark:hover:bg-gray-600 dark:hover:text-white">Earnings</a> </li> <li> <a href="#" class="block px-4 py-2 hover:bg-gray-100 dark:hover:bg-gray-600 dark:hover:text-white">Sign out</a> </li> </ul> </div> 
create a dropdown in talwind css, <button id="dropdownDefaultButton" data-dropdown-toggle="dropdown" class="text-white bg-blue-700 hover:bg-blue-800 focus:ring-4 focus:outline-none focus:ring-blue-300 font-medium rounded-lg text-sm px-5 py-2.5 text-center inline-flex items-center dark:bg-blue-600 dark:hover:bg-blue-700 dark:focus:ring-blue-800" type="button">Dropdown button <svg class="w-2.5 h-2.5 ms-3" aria-hidden="true" xmlns="http://www.w3.org/2000/svg" fill="none" viewBox="0 0 10 6"> <path stroke="currentColor" stroke-linecap="round" stroke-linejoin="round" stroke-width="2" d="m1 1 4 4 4-4"/> </svg> </button> <!-- Dropdown menu --> <div id="dropdown" class="z-10 hidden bg-white divide-y divide-gray-100 rounded-lg shadow w-44 dark:bg-gray-700"> <ul class="py-2 text-sm text-gray-700 dark:text-gray-200" aria-labelledby="dropdownDefaultButton"> <li> <a href="#" class="block px-4 py-2 hover:bg-gray-100 dark:hover:bg-gray-600 dark:hover:text-white">Dashboard</a> </li> <li> <a href="#" class="block px-4 py-2 hover:bg-gray-100 dark:hover:bg-gray-600 dark:hover:text-white">Settings</a> </li> <li> <a href="#" class="block px-4 py-2 hover:bg-gray-100 dark:hover:bg-gray-600 dark:hover:text-white">Earnings</a> </li> <li> <a href="#" class="block px-4 py-2 hover:bg-gray-100 dark:hover:bg-gray-600 dark:hover:text-white">Sign out</a> </li> </ul> </div>
nake an input text in tailwind ,<input type="text" id="default-input" class="bg-gray-50 border border-gray-300 text-gray-900 text-sm rounded-lg focus:ring-blue-500 focus:border-blue-500 block w-full p-2.5 dark:bg-gray-700 dark:border-gray-600 dark:placeholder-gray-400 dark:text-white dark:focus:ring-blue-500 dark:focus:border-blue-500">
tailwind create a disabled input that says: can't write here, <input type="text" id="disabled-input" aria-label="disabled input" class="mb-6 bg-gray-100 border border-gray-300 text-gray-900 text-sm rounded-lg focus:ring-blue-500 focus:border-blue-500 block w-full p-2.5 cursor-not-allowed dark:bg-gray-700 dark:border-gray-600 dark:placeholder-gray-400 dark:text-gray-400 dark:focus:ring-blue-500 dark:focus:border-blue-500" value="can't write here" disabled>
in tailwind css create a large text input, <input type="text" id="large-input" class="block w-full p-4 text-gray-900 border border-gray-300 rounded-lg bg-gray-50 sm:text-md focus:ring-blue-500 focus:border-blue-500 dark:bg-gray-700 dark:border-gray-600 dark:placeholder-gray-400 dark:text-white dark:focus:ring-blue-500 dark:focus:border-blue-500">
create a samll text input with gray border font medium gray text rounded in tailwind, <input type="text" id="small-input" class="block w-full p-2 text-gray-900 border border-gray-300 rounded-lg bg-gray-50 sm:text-xs focus:ring-blue-500 focus:border-blue-500 dark:bg-gray-700 dark:border-gray-600 dark:placeholder-gray-400 dark:text-white dark:focus:ring-blue-500 dark:focus:border-blue-500">
tailwind create white text, <p class="text-xs text-gray-900 dark:text-white">Aa</p>
create blue text in tailwind, <p class="text-blue-600">This text is in the blue color.</p>
create red text in tailwind,<p class="text-red-600">sample text</p>
create blue text in tailwind for: sample text, <p class="text-red-600">sample text</p>
tailwind purple text, <p class="text-purple-600">text.</p>
tailwind create default link, <a href="#" class="font-medium text-blue-600 dark:text-blue-500 hover:underline">Read more</a>
make a link in tailwind that says Read more, <a href="#" class="font-medium text-blue-600 dark:text-blue-500 hover:underline">Read more</a>
create an input number in tailwind css, <input type="number" id="number-input" aria-describedby="helper-text-explanation" class="bg-gray-50 border border-gray-300 text-gray-900 text-sm rounded-lg focus:ring-blue-500 focus:border-blue-500 block w-full p-2.5 dark:bg-gray-700 dark:border-gray-600 dark:placeholder-gray-400 dark:text-white dark:focus:ring-blue-500 dark:focus:border-blue-500" required>
tailwind make number input with placeholder 2222,<input type="number" id="number-input" aria-describedby="helper-text-explanation" class="bg-gray-50 border border-gray-300 text-gray-900 text-sm rounded-lg focus:ring-blue-500 focus:border-blue-500 block w-full p-2.5 dark:bg-gray-700 dark:border-gray-600 dark:placeholder-gray-400 dark:text-white dark:focus:ring-blue-500 dark:focus:border-blue-500" placeholder="2222" required>
do a textarea in tailwind, <textarea id="message" rows="4" class="block p-2.5 w-full text-sm text-gray-900 bg-gray-50 rounded-lg border border-gray-300 focus:ring-blue-500 focus:border-blue-500 dark:bg-gray-700 dark:border-gray-600 dark:placeholder-gray-400 dark:text-white dark:focus:ring-blue-500 dark:focus:border-blue-500" placeholder="placeholder"></textarea>
tailwind create textarea with placeholder "Write your thoughts here...", <textarea id="message" rows="4" class="block p-2.5 w-full text-sm text-gray-900 bg-gray-50 rounded-lg border border-gray-300 focus:ring-blue-500 focus:border-blue-500 dark:bg-gray-700 dark:border-gray-600 dark:placeholder-gray-400 dark:text-white dark:focus:ring-blue-500 dark:focus:border-blue-500" placeholder="Write your thoughts here..."></textarea>
tailwind do a checkbox , <div class="flex items-center mb-4"> <input id="default-checkbox" type="checkbox" value="" class="w-4 h-4 text-blue-600 bg-gray-100 border-gray-300 rounded focus:ring-blue-500 dark:focus:ring-blue-600 dark:ring-offset-gray-800 focus:ring-2 dark:bg-gray-700 dark:border-gray-600"> <label for="default-checkbox" class="ms-2 text-sm font-medium text-gray-900 dark:text-gray-300">Default checkbox</label> </div>
create default checkbox with text "Checked state", <div class="flex items-center"> <input checked id="checked-checkbox" type="checkbox" value="" class="w-4 h-4 text-blue-600 bg-gray-100 border-gray-300 rounded focus:ring-blue-500 dark:focus:ring-blue-600 dark:ring-offset-gray-800 focus:ring-2 dark:bg-gray-700 dark:border-gray-600"> <label for="checked-checkbox" class="ms-2 text-sm font-medium text-gray-900 dark:text-gray-300">Checked state</label> </div>
tailwind make a checkbox who is not checked, <div class="flex items-center mb-4"> <input id="default-checkbox" type="checkbox" value="" class="w-4 h-4 text-blue-600 bg-gray-100 border-gray-300 rounded focus:ring-blue-500 dark:focus:ring-blue-600 dark:ring-offset-gray-800 focus:ring-2 dark:bg-gray-700 dark:border-gray-600"> <label for="default-checkbox" class="ms-2 text-sm font-medium text-gray-900 dark:text-gray-300">Default checkbox</label> </div>
tailwind do a checkbox that is checked , <div class="flex items-center"> <input checked id="checked-checkbox" type="checkbox" value="" class="w-4 h-4 text-blue-600 bg-gray-100 border-gray-300 rounded focus:ring-blue-500 dark:focus:ring-blue-600 dark:ring-offset-gray-800 focus:ring-2 dark:bg-gray-700 dark:border-gray-600"> <label for="checked-checkbox" class="ms-2 text-sm font-medium text-gray-900 dark:text-gray-300">Checked state</label> </div>










